y-m-d time,Sensor1,Sensor2,Sensor3,Sensor4,Sensor5,Sensor6,Sensor7,Sensor8,Sensor9,Sensor10
2025-04-08 08:54:41,39.0,25.0,23.4,36.8,36.4,31.0,21.3,35.5,29.1,32.3
2025-04-08 08:54:43,24.6,34.3,25.3,34.1,21.7,33.5,39.9,20.6,34.8,26.9
2025-04-08 08:54:45,33.1,38.0,28.5,32.2,38.4,37.3,20.3,31.4,22.7,28.9
2025-04-08 08:54:47,25.9,39.8,38.3,32.3,23.6,29.4,32.5,34.2,23.6,35.4
2025-04-08 08:54:49,31.3,38.4,34.0,35.5,22.5,27.8,24.4,32.2,28.4,23.2
2025-04-08 08:54:51,27.5,30.5,36.9,28.5,28.9,36.2,22.4,21.4,29.3,21.4
2025-04-08 08:54:53,29.9,28.1,37.1,39.9,21.4,25.9,31.2,34.5,24.5,35.7
2025-04-08 08:54:55,35.4,30.9,33.0,24.1,24.8,35.8,27.0,38.9,33.8,37.7
2025-04-08 08:54:57,23.6,24.3,39.2,23.8,29.6,33.6,24.1,20.3,28.7,25.5
2025-04-08 08:54:59,33.4,28.8,26.7,28.8,31.7,25.7,31.0,22.9,37.2,33.0
2025-04-08 08:55:01,27.7,26.2,27.8,21.8,22.2,28.9,32.8,35.9,34.3,25.8
2025-04-08 08:55:03,27.8,20.8,28.3,21.9,24.7,32.4,36.2,22.6,26.7,27.3
2025-04-08 08:55:05,38.8,39.4,24.6,36.7,38.7,30.9,30.9,31.7,29.8,25.5
2025-04-08 08:55:07,24.3,38.1,31.0,21.3,21.7,30.0,34.3,32.1,22.9,33.3
2025-04-08 08:55:09,25.2,39.8,20.8,28.4,34.1,30.1,21.6,39.7,34.4,24.2
2025-04-08 08:55:11,30.5,20.4,28.2,21.6,20.1,32.3,30.9,39.7,25.6,39.4
2025-04-08 08:55:13,28.7,35.1,32.6,33.1,26.9,39.4,33.9,39.3,22.1,29.4
2025-04-08 08:55:15,23.4,26.1,36.4,38.9,20.0,32.0,29.8,39.4,32.2,21.4
2025-04-08 08:55:17,23.9,29.3,34.0,24.9,38.0,36.5,21.2,23.9,21.5,35.5
2025-04-08 08:55:19,38.7,26.1,37.1,34.4,38.6,29.1,30.2,29.8,25.3,39.4
2025-04-08 08:55:21,28.9,38.4,24.6,26.5,37.2,20.9,26.6,33.5,21.8,31.1
2025-04-08 08:55:23,27.7,24.9,29.2,39.9,26.1,33.0,35.3,37.6,28.7,36.0
2025-04-08 08:55:25,25.5,32.8,22.1,33.4,34.8,20.8,28.1,39.3,34.2,36.6
2025-04-08 08:55:27,35.7,21.5,24.9,38.1,20.1,38.0,20.1,21.0,39.1,21.0
2025-04-08 08:55:29,34.1,24.2,31.1,21.4,31.4,29.8,20.1,23.2,20.4,24.8
2025-04-08 08:55:31,30.5,21.1,35.4,32.2,31.2,39.7,37.1,31.5,34.7,20.3
2025-04-08 08:55:33,32.6,22.1,36.8,33.5,22.2,25.1,24.7,22.1,36.3,34.7
2025-04-08 08:55:35,20.7,32.3,36.9,31.6,37.4,25.6,35.9,35.5,34.2,31.1
2025-04-08 08:55:37,20.5,29.5,38.6,35.3,30.0,28.4,36.6,21.6,22.2,39.6
2025-04-08 08:55:39,30.7,23.0,29.9,33.2,26.6,37.5,25.6,22.7,37.4,33.3
2025-04-08 08:55:41,24.2,38.5,20.5,24.7,38.8,30.4,26.7,23.3,25.7,29.7
2025-04-08 08:55:43,26.7,26.0,29.7,32.9,29.2,38.2,38.9,28.6,21.9,38.4
2025-04-08 08:55:45,37.6,38.3,32.9,22.2,29.5,38.7,30.8,30.0,39.5,23.9
2025-04-08 08:55:47,23.4,33.7,25.9,33.4,20.1,23.4,39.2,33.9,25.6,21.6
2025-04-08 08:55:49,24.4,22.4,36.5,33.9,25.9,24.0,32.5,39.2,29.9,22.2
2025-04-08 08:55:51,31.1,20.3,23.3,27.0,21.6,29.2,36.7,23.2,24.5,34.1
2025-04-08 08:55:53,28.5,28.4,38.1,29.7,32.3,34.7,35.0,38.9,22.6,37.5
2025-04-08 08:55:55,32.5,39.4,24.3,34.2,33.9,24.0,26.4,34.4,22.2,34.5
2025-04-08 08:55:57,25.9,31.5,32.7,27.9,22.3,23.6,36.3,20.8,33.5,23.7
2025-04-08 08:55:59,24.4,23.3,33.9,24.6,23.0,21.7,25.4,35.2,20.3,21.9
2025-04-08 08:56:01,36.6,22.6,29.7,31.6,36.5,37.3,29.9,34.8,37.9,27.4
2025-04-08 08:56:03,24.8,28.8,28.3,25.0,31.6,35.7,23.5,25.2,20.7,23.5
2025-04-08 08:56:05,30.6,37.9,25.1,36.0,31.5,26.6,32.2,20.7,31.2,24.5
2025-04-08 08:56:07,26.4,37.5,39.9,31.9,26.6,28.3,27.6,36.9,34.8,38.2
2025-04-08 08:56:09,24.2,38.9,28.0,23.2,29.2,33.0,22.2,22.3,22.3,26.4
2025-04-08 08:56:11,22.7,21.4,21.2,39.1,31.6,37.0,27.8,21.7,30.4,21.6
2025-04-08 08:56:13,25.4,30.7,27.0,23.5,23.2,34.3,28.5,27.4,31.7,21.6
2025-04-08 08:56:15,33.4,30.9,22.1,26.2,21.6,20.2,39.0,29.6,28.6,34.8
2025-04-08 08:56:17,24.5,36.5,21.5,29.3,34.0,31.8,38.5,26.2,20.5,21.1
2025-04-08 08:56:19,35.3,39.8,33.2,28.3,22.6,27.4,35.4,38.5,25.8,35.2
2025-04-08 08:56:21,37.4,24.0,38.4,24.1,32.6,22.8,28.6,34.4,25.2,37.7
2025-04-08 08:56:24,30.6,22.3,36.6,28.3,32.9,24.3,34.8,39.3,29.4,29.1
2025-04-08 08:56:26,34.1,36.5,26.9,32.5,31.2,29.7,27.9,32.2,39.4,33.5
2025-04-08 08:56:28,32.1,39.9,25.1,29.2,34.1,22.0,21.1,24.6,20.6,24.9
2025-04-08 08:56:30,37.1,25.4,26.0,24.0,37.4,24.2,38.9,32.5,28.3,28.3
2025-04-08 08:56:32,31.0,25.0,31.6,31.4,39.4,31.4,34.6,28.6,25.9,27.3
2025-04-08 08:56:34,24.9,32.6,28.5,20.6,31.8,25.6,26.9,25.9,21.1,37.3
2025-04-08 08:56:36,23.2,33.9,30.0,33.6,34.1,22.2,26.5,37.0,34.6,29.6
2025-04-08 08:56:38,29.5,20.8,35.3,30.2,29.7,37.0,33.7,21.9,31.6,27.0
2025-04-08 08:56:40,23.4,28.3,28.3,38.6,28.6,28.0,33.2,20.0,25.5,25.8
2025-04-08 08:56:42,31.4,38.6,33.5,21.3,23.3,39.4,30.4,37.3,21.8,38.7
2025-04-08 08:56:44,39.9,22.6,29.2,25.4,23.9,39.1,34.3,30.1,21.1,37.4
2025-04-08 08:56:46,25.7,40.0,21.9,24.5,24.6,33.9,22.1,26.7,22.4,33.9
2025-04-08 08:56:48,39.8,31.2,31.9,23.7,20.5,21.7,28.9,36.2,29.5,28.3
2025-04-08 08:56:50,30.3,25.5,23.4,20.9,36.5,20.1,30.6,39.1,21.1,29.0
2025-04-08 08:56:52,36.8,26.8,20.7,33.6,25.8,30.7,36.5,25.5,31.9,31.5
2025-04-08 08:56:54,23.4,27.4,24.2,39.4,37.7,35.4,29.9,22.8,20.4,21.6
2025-04-08 08:56:56,39.5,38.5,29.8,27.5,33.3,34.5,20.9,26.0,29.4,22.7
2025-04-08 08:56:58,24.6,24.0,28.8,21.9,38.4,35.2,38.9,25.0,32.8,28.7
2025-04-08 08:57:00,34.6,31.9,38.7,34.8,29.8,32.8,22.3,36.2,30.9,29.0
2025-04-08 08:57:02,22.6,26.0,38.4,22.0,39.5,38.7,21.3,38.6,21.2,36.5
2025-04-08 08:57:04,28.4,37.8,37.8,21.8,39.3,28.9,35.1,33.1,35.2,24.8
2025-04-08 08:57:06,24.8,39.8,27.8,39.1,39.6,25.7,34.0,36.7,26.1,23.4
2025-04-08 08:57:08,22.9,25.5,39.8,25.0,28.8,29.7,22.8,32.9,27.4,33.4
2025-04-08 08:57:10,22.7,20.7,21.1,27.1,26.1,30.0,33.7,31.8,33.7,33.9
2025-04-08 08:57:12,29.5,25.4,34.6,37.2,25.3,26.0,30.6,39.0,37.9,36.9
2025-04-08 08:57:14,32.6,20.9,31.6,23.2,25.8,36.0,35.3,25.5,31.2,25.8
2025-04-08 08:57:16,34.5,25.2,34.3,26.2,23.8,32.9,24.7,33.5,29.8,36.9
2025-04-08 08:57:18,37.0,29.9,33.4,28.5,34.8,21.5,20.2,32.3,36.1,23.5
2025-04-08 08:57:20,21.7,33.3,20.9,25.9,39.1,20.6,30.2,34.6,35.8,35.6
2025-04-08 08:57:22,34.1,27.7,28.8,28.2,27.6,20.1,21.4,22.3,34.6,20.6
2025-04-08 08:57:24,38.8,25.3,33.5,24.2,23.5,36.9,30.5,29.6,38.1,40.0
2025-04-08 08:57:26,29.8,36.8,37.5,40.0,32.4,30.3,36.0,31.6,29.7,29.1
2025-04-08 08:57:28,22.3,27.7,22.5,32.8,36.2,23.1,30.5,32.1,21.9,39.0
2025-04-08 08:57:30,38.3,32.5,23.4,22.2,32.5,28.5,23.6,22.6,36.8,23.5
2025-04-08 08:57:32,29.3,39.5,22.7,25.0,39.7,37.4,24.5,22.7,38.2,34.4
2025-04-08 08:57:34,24.2,22.0,26.2,39.6,22.1,21.8,33.9,32.5,27.7,37.9
2025-04-08 08:57:36,34.8,26.4,22.2,33.6,26.2,33.5,20.9,35.3,27.3,30.3
2025-04-08 08:57:38,21.0,22.2,37.5,31.5,20.1,22.1,20.2,28.4,39.1,31.8
2025-04-08 08:57:40,21.4,35.0,28.0,31.4,31.5,23.4,32.6,36.3,31.9,30.0
2025-04-08 08:57:42,21.5,27.7,22.1,26.9,21.8,27.2,22.8,31.8,33.9,24.4
2025-04-08 08:57:44,31.3,24.5,22.8,23.1,33.2,30.1,31.4,38.2,24.8,34.9
2025-04-08 08:57:46,23.1,24.7,26.1,32.7,25.5,25.9,21.1,21.0,37.4,28.1
2025-04-08 08:57:48,27.5,35.3,25.9,34.1,30.0,37.1,30.3,32.1,20.7,37.8
2025-04-08 08:57:50,31.2,27.8,38.3,30.1,35.7,29.4,22.6,32.2,29.1,27.9
2025-04-08 08:57:52,27.0,26.6,27.8,35.4,23.1,23.8,35.1,33.5,31.1,36.0
2025-04-08 08:57:54,30.1,37.7,25.3,32.9,31.7,35.6,26.1,39.8,31.1,35.0
2025-04-08 08:57:56,29.9,31.2,27.4,24.4,24.9,35.1,23.9,21.0,39.2,39.1
2025-04-08 08:57:58,35.6,33.0,31.1,38.7,25.5,38.6,20.9,32.1,36.2,33.7
2025-04-08 08:58:00,34.9,36.0,37.0,26.4,29.1,36.3,36.1,20.4,38.5,24.2
2025-04-08 08:58:02,21.3,21.8,25.4,30.1,24.1,31.2,27.0,24.9,23.0,33.2
2025-04-08 08:58:04,34.4,29.2,36.8,24.5,36.8,38.1,32.3,31.6,31.6,34.5
2025-04-08 08:58:06,31.6,34.4,37.5,33.7,28.7,33.9,22.5,28.1,34.0,21.0
2025-04-08 08:58:08,26.5,26.5,32.6,35.8,39.9,20.2,31.1,33.2,39.8,26.6
2025-04-08 08:58:10,39.0,29.6,25.3,32.9,22.1,20.8,37.9,22.2,40.0,37.7
2025-04-08 08:58:12,27.0,32.5,34.0,23.7,23.0,28.4,24.9,21.4,24.9,30.3
2025-04-08 08:58:14,34.4,33.1,38.0,20.6,33.9,37.4,25.2,27.4,23.1,21.9
2025-04-08 08:58:16,35.1,29.0,26.6,23.0,38.5,36.5,25.5,22.7,27.6,35.2
2025-04-08 08:58:18,39.9,36.2,35.9,22.6,35.4,26.9,36.5,26.7,38.4,37.7
2025-04-08 08:58:20,38.4,38.9,34.6,28.6,35.4,23.7,36.5,39.6,20.6,32.3
2025-04-08 08:58:22,33.1,36.7,39.8,30.1,34.2,34.7,33.1,27.7,28.8,25.1
2025-04-08 08:58:24,21.7,22.7,26.3,22.3,23.9,38.0,28.4,23.7,37.3,23.2
2025-04-08 08:58:26,39.3,29.2,38.7,24.2,31.0,25.4,23.5,33.1,36.8,37.8
2025-04-08 08:58:28,28.7,39.6,26.6,29.0,24.8,28.9,39.4,21.1,22.7,33.4
2025-04-08 08:58:30,28.7,33.4,27.6,28.5,22.4,32.8,23.7,35.9,27.4,32.4
2025-04-08 08:58:32,28.5,26.3,30.4,28.5,25.7,21.7,39.5,29.2,39.5,40.0
2025-04-08 08:58:34,24.7,34.5,30.5,21.3,37.1,32.7,26.7,29.1,34.8,22.7
2025-04-08 08:58:36,32.8,35.4,27.4,24.2,38.4,33.9,22.4,21.9,22.6,35.7
2025-04-08 08:58:38,26.1,37.4,25.0,30.3,26.2,29.6,25.6,28.6,31.3,28.6
2025-04-08 08:58:40,20.1,21.1,34.6,34.5,37.3,30.3,27.7,30.4,38.4,36.9
2025-04-08 08:58:42,33.9,37.0,22.1,35.6,34.7,29.9,32.6,32.6,27.4,34.3
2025-04-08 08:58:44,38.7,27.2,38.0,34.5,35.5,31.4,21.5,29.9,38.3,32.1
2025-04-08 08:58:46,20.6,24.2,22.9,36.0,34.0,29.9,29.6,32.0,39.1,31.1
2025-04-08 08:58:48,24.9,25.0,20.3,26.2,24.3,37.4,30.6,25.2,37.6,27.8
2025-04-08 08:58:50,29.4,21.9,37.3,36.7,33.5,36.0,33.7,27.2,38.5,21.9
2025-04-08 08:58:52,31.8,38.2,31.3,30.6,22.5,28.5,21.8,32.0,34.2,32.5
2025-04-08 08:58:54,22.2,24.9,25.9,31.8,35.5,24.2,31.0,37.5,37.9,23.3
2025-04-08 08:58:56,20.9,34.3,33.8,31.7,35.2,24.5,33.5,26.3,31.6,22.9
2025-04-08 08:58:58,34.6,37.6,32.6,30.1,32.7,39.7,34.0,25.0,23.7,31.7
2025-04-08 08:59:00,26.9,38.4,34.0,33.9,27.5,26.2,38.9,34.7,31.2,34.4
2025-04-08 08:59:02,38.7,27.8,22.7,34.7,23.6,22.0,24.1,24.3,39.1,27.4
2025-04-08 08:59:04,26.0,36.4,22.0,28.4,31.0,33.5,26.1,38.7,36.2,30.6
2025-04-08 08:59:06,32.8,32.3,24.7,32.6,21.7,27.1,34.4,34.2,30.1,28.5
2025-04-08 08:59:08,29.2,39.6,31.8,21.8,22.0,32.2,39.6,36.6,39.4,34.0
2025-04-08 08:59:10,38.0,31.9,32.5,25.3,36.1,32.7,32.4,39.9,39.4,21.2
2025-04-08 08:59:12,30.8,39.0,39.2,23.4,37.3,36.8,20.8,27.0,29.7,33.4
2025-04-08 08:59:14,24.8,39.7,25.6,21.4,25.5,34.8,34.8,21.2,31.6,38.2
2025-04-08 08:59:16,37.7,36.2,28.3,27.9,21.5,33.5,29.9,26.3,36.8,36.6
2025-04-08 08:59:18,26.9,30.7,24.5,29.7,20.2,37.5,29.3,31.6,31.4,27.7
2025-04-08 08:59:20,27.4,30.3,37.4,23.1,35.8,27.7,33.2,23.4,38.7,37.1
2025-04-08 08:59:22,20.8,36.2,34.9,38.9,21.7,24.0,30.0,31.3,33.6,33.7
2025-04-08 08:59:24,26.5,27.7,22.9,36.4,20.8,39.0,31.2,30.0,29.3,27.0
2025-04-08 08:59:26,31.5,36.6,37.1,27.1,27.6,29.5,24.4,21.2,32.3,29.0
2025-04-08 08:59:28,28.2,25.3,23.0,26.7,29.5,34.1,30.7,23.0,33.2,32.8
2025-04-08 08:59:30,27.8,21.4,30.9,27.8,28.0,26.4,26.4,30.8,25.9,30.3
2025-04-08 08:59:32,26.4,33.2,26.3,29.8,27.4,22.3,27.1,33.0,38.6,28.4
2025-04-08 08:59:34,35.2,29.9,21.6,35.4,20.3,31.6,21.4,22.1,21.2,35.8
2025-04-08 08:59:36,34.8,32.2,33.0,31.5,33.5,35.3,36.2,24.2,38.2,27.3
2025-04-08 08:59:38,27.1,36.2,32.8,40.0,30.1,25.0,23.3,33.1,32.0,25.9
2025-04-08 08:59:40,21.3,33.3,36.7,22.2,27.6,33.6,32.0,35.2,33.6,20.5
2025-04-08 08:59:42,39.0,34.0,35.2,21.0,34.0,36.3,27.1,23.5,38.3,27.3
2025-04-08 08:59:44,31.5,36.2,37.5,23.0,34.6,29.1,31.3,31.0,29.8,35.8
2025-04-08 08:59:46,24.3,37.7,24.8,23.4,34.4,38.2,29.2,22.5,28.7,32.6
2025-04-08 08:59:48,34.3,27.0,37.3,26.3,37.2,25.6,35.2,22.9,27.5,33.9
2025-04-08 08:59:50,23.6,23.4,31.6,23.0,34.3,24.7,29.9,27.7,28.8,28.9
2025-04-08 08:59:52,25.0,25.2,36.4,31.1,25.6,36.4,36.3,28.6,21.9,35.8
2025-04-08 08:59:54,26.1,28.6,24.3,36.2,22.0,38.4,34.7,38.2,25.0,26.7
2025-04-08 08:59:56,35.9,39.2,34.6,29.1,38.6,27.0,27.1,28.9,36.2,33.4
2025-04-08 08:59:58,33.6,33.3,33.0,32.4,25.0,29.5,38.4,22.6,36.5,28.4
2025-04-08 09:00:00,29.1,26.3,32.8,29.0,21.7,23.6,37.4,21.5,31.0,21.0
2025-04-08 09:00:02,20.8,22.2,35.6,25.1,28.4,35.1,37.6,24.8,38.1,33.1
2025-04-08 09:00:04,21.9,38.1,37.2,37.6,38.0,37.3,34.0,20.9,20.4,34.9
2025-04-08 09:00:06,21.9,28.2,37.9,32.0,37.3,28.1,22.2,38.4,28.5,34.1
2025-04-08 09:00:08,30.9,37.9,25.2,37.3,28.8,32.5,22.2,27.2,30.2,37.9
2025-04-08 09:00:10,40.0,37.3,21.3,39.3,23.7,22.6,22.8,30.5,26.6,38.1
2025-04-08 09:00:12,29.3,27.6,31.7,28.8,32.1,25.9,30.4,32.4,21.4,38.8
2025-04-08 09:00:14,32.4,34.9,35.1,27.2,27.3,26.5,31.5,39.9,27.0,22.4
2025-04-08 09:00:16,25.9,32.5,36.8,39.7,34.4,22.1,36.6,23.1,34.2,30.8
2025-04-08 09:00:18,38.9,38.6,33.1,38.5,31.3,26.1,31.5,33.0,32.2,34.1
2025-04-08 09:00:20,22.3,38.2,33.5,21.6,37.9,40.0,24.2,27.5,34.0,25.9
2025-04-08 09:00:22,35.4,25.3,22.8,35.2,28.4,34.9,29.0,22.2,26.1,23.5
2025-04-08 09:00:24,35.7,36.5,36.5,30.1,37.2,21.4,36.1,35.3,29.8,36.6
2025-04-08 09:00:26,35.8,32.9,35.7,21.9,32.0,39.8,26.3,21.3,32.7,21.9
2025-04-08 09:00:28,25.3,39.0,27.9,25.2,22.2,21.0,21.1,29.1,35.3,34.3
2025-04-08 09:00:30,28.2,21.8,38.9,28.0,22.0,33.7,22.8,22.1,26.7,33.7
2025-04-08 09:00:32,22.5,33.0,34.8,24.1,30.5,36.1,38.2,36.0,27.4,27.5
2025-04-08 09:00:34,33.9,34.9,25.1,25.7,35.5,20.7,33.7,36.3,34.6,25.0
2025-04-08 09:00:36,23.1,31.7,27.9,26.1,20.3,35.6,25.3,24.4,39.9,23.8
2025-04-08 09:00:38,25.0,38.7,22.2,25.9,27.7,37.1,31.2,29.9,23.6,38.5
2025-04-08 09:00:40,30.5,29.1,34.8,36.1,23.5,30.2,25.9,27.1,38.5,24.0
2025-04-08 09:00:43,31.3,25.8,29.9,20.3,33.8,24.2,30.3,20.4,33.7,39.2
2025-04-08 09:00:45,39.0,26.6,28.7,35.7,39.4,38.4,28.4,33.9,38.3,37.0
2025-04-08 09:00:47,22.2,23.4,22.9,37.1,22.3,34.4,21.3,39.7,32.5,26.2
2025-04-08 09:00:49,30.2,38.9,21.9,21.4,25.1,25.0,26.5,20.0,30.5,30.0
2025-04-08 09:00:51,26.2,38.5,22.8,21.2,33.1,26.9,31.8,38.2,36.3,28.7
2025-04-08 09:00:53,39.1,37.2,20.8,34.3,28.3,20.0,31.7,20.9,38.6,32.2
2025-04-08 09:00:55,21.9,26.9,20.4,32.4,30.4,24.9,27.7,26.3,25.3,30.6
2025-04-08 09:00:57,21.3,25.7,31.0,34.4,35.5,35.6,33.2,29.1,38.9,35.7
2025-04-08 09:00:59,35.7,27.7,26.0,28.9,37.3,21.6,35.6,20.0,25.1,37.1
2025-04-08 09:01:01,28.3,23.4,36.5,28.4,32.2,25.4,24.1,35.3,26.6,26.5
2025-04-08 09:01:03,36.3,22.3,36.8,29.7,38.1,25.0,27.6,36.8,32.8,28.6
2025-04-08 09:01:05,32.6,24.0,26.8,29.2,39.1,25.5,39.5,25.4,34.1,26.7
2025-04-08 09:01:07,33.3,39.7,37.9,30.4,39.1,24.7,32.0,32.9,38.7,23.3
2025-04-08 09:01:09,22.6,33.0,21.8,28.9,33.1,21.0,21.6,35.1,31.7,28.4
2025-04-08 09:01:11,25.5,24.5,28.8,35.4,28.0,27.3,29.7,24.3,26.4,33.0
2025-04-08 09:01:13,37.7,34.2,32.4,30.3,33.1,27.6,33.7,40.0,25.4,28.4
2025-04-08 09:01:15,39.1,22.7,36.0,27.8,24.1,21.4,37.5,39.9,27.9,24.9
2025-04-08 09:01:17,34.3,32.6,30.9,28.8,21.8,25.7,34.9,38.1,34.3,33.8
2025-04-08 09:01:19,31.9,39.4,28.2,34.4,36.4,35.7,39.0,28.1,22.7,20.4
2025-04-08 09:01:21,38.0,20.6,20.9,35.1,38.0,24.7,22.7,35.7,33.2,34.1
2025-04-08 09:01:23,39.0,35.3,37.4,21.7,23.0,22.4,35.6,30.9,30.5,37.7
2025-04-08 09:01:25,23.3,32.2,36.8,23.0,21.5,28.5,33.5,24.9,36.6,22.9
2025-04-08 09:01:27,28.2,31.7,21.0,23.6,33.2,26.7,26.9,36.8,23.0,28.1
2025-04-08 09:01:29,25.1,36.4,22.1,22.4,28.5,35.9,33.8,25.5,33.3,32.4
2025-04-08 09:01:31,27.9,21.8,25.0,23.6,22.9,30.9,32.6,32.8,37.4,38.0
2025-04-08 09:01:33,29.6,35.7,24.9,22.1,36.5,28.0,34.0,20.2,39.0,30.3
2025-04-08 09:01:35,38.0,32.2,28.3,30.8,27.1,35.6,34.9,22.3,26.4,27.1
2025-04-08 09:01:37,35.5,26.6,34.0,39.8,25.8,39.5,20.7,21.6,26.3,30.9
2025-04-08 09:01:39,27.3,33.1,31.5,20.2,23.1,37.4,23.8,20.2,21.6,29.8
2025-04-08 09:01:41,30.8,23.4,33.5,23.1,20.8,23.4,33.1,21.1,21.8,21.2
2025-04-08 09:01:43,25.4,24.2,26.9,28.7,35.2,21.4,32.1,29.6,32.7,27.7
2025-04-08 09:01:45,25.9,38.3,33.4,32.1,30.9,26.1,21.6,33.4,22.3,35.2
2025-04-08 09:01:47,31.2,32.9,20.9,28.9,33.0,24.2,37.4,29.9,27.2,26.9
2025-04-08 09:01:49,28.2,35.6,33.8,31.2,32.0,21.7,22.5,22.4,36.2,31.8
2025-04-08 09:01:51,21.9,23.5,35.6,37.3,23.9,22.3,35.6,29.0,39.4,33.9
2025-04-08 09:01:53,31.5,36.7,30.3,28.9,36.7,26.9,28.4,22.8,25.6,27.5
2025-04-08 09:01:55,26.4,23.4,32.0,35.0,33.5,27.5,30.8,23.7,32.6,38.4
2025-04-08 09:01:57,28.2,26.1,32.8,23.5,35.9,23.8,29.4,34.3,28.2,35.6
2025-04-08 09:01:59,25.9,36.0,34.6,31.7,24.8,27.4,28.4,32.9,28.8,38.0
2025-04-08 09:02:01,22.7,36.6,21.2,33.2,40.0,22.0,33.6,36.7,33.8,31.6
2025-04-08 09:02:03,22.5,29.6,36.0,33.4,38.8,24.3,21.3,26.1,39.6,39.8
2025-04-08 09:02:05,32.3,24.7,20.7,31.6,38.7,35.9,29.5,25.5,21.9,37.7
2025-04-08 09:02:07,34.1,22.0,24.9,24.2,37.3,30.2,36.0,25.0,38.3,23.5
2025-04-08 09:02:09,35.4,26.9,27.1,25.0,32.6,20.1,20.3,27.5,36.2,27.5
2025-04-08 09:02:11,21.8,34.2,37.2,38.4,25.4,21.1,24.0,33.9,28.2,31.2
2025-04-08 09:02:13,31.8,22.1,30.9,24.5,24.2,30.9,20.8,38.5,24.8,38.5
2025-04-08 09:02:15,25.1,31.5,30.5,35.7,38.5,29.5,24.0,31.0,30.0,21.1
2025-04-08 09:02:17,37.0,26.4,26.8,30.0,39.6,31.7,32.0,26.0,35.5,36.0
2025-04-08 09:02:19,20.3,20.9,21.9,28.1,30.0,35.6,33.5,24.0,29.5,29.7
2025-04-08 09:02:21,39.5,21.6,34.8,39.7,38.8,20.7,30.7,30.5,23.8,27.5
2025-04-08 09:02:23,22.9,23.5,31.9,22.1,30.2,31.0,39.9,22.9,21.1,25.2
2025-04-08 09:02:25,22.1,34.5,30.2,28.5,21.9,35.6,26.6,26.4,24.7,22.1
2025-04-08 09:02:27,27.3,37.1,32.9,26.1,34.3,27.8,34.0,23.8,33.5,23.5
2025-04-08 09:02:29,35.6,38.2,24.5,29.3,24.7,37.2,32.2,29.6,38.9,36.0
2025-04-08 09:02:30,39.1,30.6,22.1,34.6,32.4,32.3,39.1,35.5,23.3,30.4
2025-04-08 09:02:32,34.6,21.2,21.6,37.2,22.3,30.6,27.9,33.4,32.1,23.3
2025-04-08 09:02:34,26.7,20.8,39.0,38.1,20.7,26.3,27.8,31.7,30.4,34.6
2025-04-08 09:02:36,27.7,37.1,37.2,31.0,22.6,28.9,33.0,24.0,36.1,28.9
2025-04-08 09:02:38,22.6,21.2,31.5,28.6,31.4,33.2,21.9,37.1,21.8,35.2
2025-04-08 09:02:40,39.6,25.4,24.4,23.4,29.3,26.8,38.4,22.5,20.1,29.1
2025-04-08 09:02:42,30.5,29.3,39.9,34.3,28.5,39.9,29.6,34.4,36.7,21.0
2025-04-08 09:02:44,27.4,32.6,20.8,27.6,26.4,26.3,35.3,26.7,30.5,34.8
2025-04-08 09:02:46,29.6,32.1,36.3,36.5,24.7,23.4,22.6,34.2,32.8,26.3
2025-04-08 09:02:48,24.9,24.4,24.4,33.8,36.5,25.6,26.5,30.8,36.4,21.9
2025-04-08 09:02:50,32.5,21.7,33.7,27.5,32.7,30.8,21.0,34.8,30.0,39.1
2025-04-08 09:02:52,37.5,39.8,29.1,34.5,36.2,20.3,32.4,39.6,34.1,39.7
2025-04-08 09:02:54,32.7,38.7,34.5,32.8,33.3,22.8,27.5,27.6,24.0,26.2
2025-04-08 09:02:56,22.2,33.4,36.7,27.6,26.3,27.1,34.7,37.6,32.2,37.0
2025-04-08 09:02:58,32.4,25.8,38.5,36.6,24.9,26.0,32.0,24.3,22.9,35.0
2025-04-08 09:03:00,29.0,24.7,28.9,21.9,28.6,21.3,27.2,26.1,28.4,21.6
2025-04-08 09:03:02,27.4,23.8,21.4,38.3,29.1,29.0,38.4,26.7,30.1,33.7
2025-04-08 09:03:04,32.0,33.1,20.7,33.7,26.8,28.3,25.5,22.1,36.1,29.3
2025-04-08 09:03:06,27.7,22.0,31.7,34.5,36.1,26.6,39.8,30.6,31.0,21.4
2025-04-08 09:03:08,25.1,26.2,30.0,30.6,24.5,28.1,33.5,36.8,32.3,25.7
2025-04-08 09:03:10,20.4,38.1,38.4,34.2,31.4,25.2,28.2,28.2,20.5,35.4
2025-04-08 09:03:12,34.6,39.6,37.0,23.6,31.1,23.6,29.5,21.6,31.3,22.0
2025-04-08 09:03:14,27.8,30.4,39.8,22.7,28.2,24.3,35.7,27.3,33.6,21.1
2025-04-08 09:03:16,29.9,32.3,20.7,23.3,29.7,34.7,30.3,21.9,24.4,24.8
2025-04-08 09:03:18,27.7,29.2,20.7,39.8,37.2,35.7,21.3,33.3,29.9,38.4
2025-04-08 09:03:20,30.3,20.5,24.8,22.5,34.3,32.6,24.1,36.4,30.7,24.7
2025-04-08 09:03:22,23.6,39.0,22.9,23.1,36.1,23.9,31.5,20.1,36.1,29.0
2025-04-08 09:03:24,36.5,27.6,25.3,25.4,31.5,27.7,39.6,38.3,37.7,33.5
2025-04-08 09:03:26,20.2,20.6,33.2,24.9,25.1,34.0,38.0,25.9,31.3,31.4
2025-04-08 09:03:28,24.9,28.5,37.7,25.2,21.2,20.8,36.2,32.3,25.4,30.3
2025-04-08 09:03:30,36.7,28.8,34.1,36.1,32.7,30.9,27.6,36.7,27.0,35.6
2025-04-08 09:03:32,37.0,32.5,29.5,33.9,34.8,36.3,36.7,34.7,27.0,28.3
2025-04-08 09:03:34,29.8,28.3,28.7,24.7,27.9,39.8,28.8,27.3,36.5,26.1
2025-04-08 09:03:36,36.9,39.8,23.2,21.5,31.9,35.0,31.5,38.8,39.2,34.6
2025-04-08 09:03:38,35.8,38.9,23.3,29.6,37.3,20.2,36.1,32.2,36.2,33.1
2025-04-08 09:03:40,26.7,22.3,39.9,25.7,38.3,36.9,20.8,26.6,24.1,36.2
2025-04-08 09:03:42,25.8,34.9,34.4,35.1,29.8,31.5,30.0,31.2,25.7,37.8
2025-04-08 09:03:44,31.0,21.6,22.8,39.4,22.5,37.1,22.2,39.8,25.1,20.4
2025-04-08 09:03:46,22.8,35.5,39.7,20.7,28.6,33.7,21.0,36.9,30.5,32.1
2025-04-08 09:03:48,21.2,26.2,26.7,39.9,20.9,36.2,37.0,33.8,39.7,20.5
2025-04-08 09:03:50,28.0,38.2,26.0,33.8,26.4,24.5,26.2,27.4,23.7,37.2
2025-04-08 09:03:52,34.1,32.2,22.5,21.8,30.6,36.9,26.3,30.5,32.1,29.9
2025-04-08 09:03:54,25.6,29.6,35.5,22.4,21.8,28.8,36.8,25.6,25.5,23.8
2025-04-08 09:03:56,35.6,30.1,38.8,26.0,25.0,32.0,38.3,39.7,23.0,38.1
2025-04-08 09:03:58,29.8,34.8,34.9,26.3,21.2,24.8,28.9,35.6,31.6,23.0
2025-04-08 09:04:00,28.3,38.7,31.0,20.1,28.8,24.9,37.1,25.8,34.7,37.9
2025-04-08 09:04:02,29.9,30.9,28.4,39.7,39.2,29.4,28.2,31.8,38.9,25.9
2025-04-08 09:04:04,29.2,26.7,20.9,25.1,36.9,36.4,39.2,20.8,36.1,32.0
2025-04-08 09:04:06,35.9,35.3,20.5,20.1,24.2,29.1,40.0,36.5,28.8,31.7
2025-04-08 09:04:08,22.5,35.2,24.0,24.0,20.2,21.0,28.9,34.0,35.5,30.5
2025-04-08 09:04:10,24.8,22.4,26.8,37.8,35.9,38.7,28.7,25.3,23.1,21.7
2025-04-08 09:04:12,24.1,24.0,27.0,22.9,33.9,29.1,34.0,22.2,21.0,31.7
2025-04-08 09:04:14,23.4,37.7,24.1,37.6,23.6,32.9,21.7,31.7,25.2,25.1
2025-04-08 09:04:16,25.4,31.8,30.3,31.5,22.0,36.2,24.5,27.1,25.6,24.9
2025-04-08 09:04:18,33.1,30.1,34.5,32.8,35.3,28.4,21.9,29.1,38.2,28.5
2025-04-08 09:04:20,25.2,27.8,22.1,35.7,39.7,20.7,22.8,24.5,21.6,29.9
2025-04-08 09:04:22,37.3,32.8,29.1,29.3,31.2,38.4,25.2,37.0,35.7,20.2
2025-04-08 09:04:24,20.1,22.9,38.4,31.2,25.9,28.7,34.9,33.5,26.1,33.1
2025-04-08 09:04:26,21.2,23.5,23.3,34.9,28.2,34.4,21.8,28.0,29.0,27.0
2025-04-08 09:04:28,36.1,37.0,37.9,31.0,22.0,35.1,32.7,36.2,33.6,25.4
2025-04-08 09:04:30,39.8,34.0,24.5,28.8,28.1,28.3,25.4,35.9,20.7,29.0
2025-04-08 09:04:32,36.3,28.0,26.9,36.9,31.1,21.5,21.8,24.0,35.9,30.1
2025-04-08 09:04:34,21.3,27.9,33.3,20.6,25.2,29.9,22.8,27.3,37.4,39.2
2025-04-08 09:04:36,37.9,21.6,36.1,34.8,24.1,21.4,20.8,21.6,31.1,23.1
2025-04-08 09:04:38,37.4,31.6,27.5,25.1,27.9,25.9,25.3,22.8,37.9,30.2
2025-04-08 09:04:40,32.4,39.5,21.3,28.7,26.2,35.4,36.2,34.0,28.1,34.8
2025-04-08 09:04:42,40.0,27.9,22.0,26.7,36.5,21.4,33.7,33.6,21.1,28.0
2025-04-08 09:04:44,30.2,33.7,33.8,31.5,20.6,29.8,27.2,31.9,32.8,22.5
2025-04-08 09:04:46,39.3,35.6,36.7,37.0,37.1,29.1,23.3,32.1,39.8,33.1
2025-04-08 09:04:48,36.9,29.7,29.6,25.2,31.0,23.0,33.5,38.4,39.9,36.7
2025-04-08 09:04:50,26.0,38.1,23.1,33.1,21.6,25.6,23.7,21.9,39.9,36.5
2025-04-08 09:04:52,21.4,32.4,23.8,33.6,24.7,32.9,21.7,20.6,39.3,24.4
2025-04-08 09:04:54,29.5,24.7,22.5,31.3,38.6,29.3,21.2,23.3,32.1,23.1
2025-04-08 09:04:56,29.6,25.4,27.1,22.0,20.5,28.8,31.8,30.9,38.1,23.0
2025-04-08 09:04:58,24.4,25.3,36.5,24.4,34.4,21.2,24.5,28.4,35.1,33.2
2025-04-08 09:05:00,21.8,39.5,38.2,29.3,25.4,31.1,23.0,26.1,37.4,36.7
2025-04-08 09:05:02,32.8,27.1,23.4,31.6,22.4,22.9,40.0,28.3,30.6,39.2
2025-04-08 09:05:04,26.3,30.2,37.6,36.8,28.9,33.4,38.8,25.7,34.7,33.5
2025-04-08 09:05:06,32.8,32.6,26.2,36.7,20.1,32.7,35.4,28.3,22.4,35.2
2025-04-08 09:05:08,35.4,32.1,32.3,31.2,34.0,39.1,22.3,24.2,28.2,35.4
2025-04-08 09:05:10,29.7,22.2,23.8,26.0,31.1,31.4,37.7,21.8,33.9,25.7
2025-04-08 09:05:12,26.6,27.1,24.8,30.3,29.7,38.0,36.4,37.8,27.0,28.4
2025-04-08 09:05:14,28.7,35.0,32.1,36.8,30.5,39.4,25.4,37.9,32.2,37.4
2025-04-08 09:05:16,37.5,28.3,21.5,34.5,34.6,34.4,29.7,34.0,24.3,24.7
2025-04-08 09:05:18,21.3,30.2,30.6,34.4,38.5,25.4,21.7,25.6,35.2,34.1
2025-04-08 09:05:20,37.2,21.0,22.7,38.1,34.0,24.1,29.7,36.9,31.7,33.6
2025-04-08 09:05:22,21.2,36.7,27.7,38.9,36.8,38.5,32.2,20.2,21.2,22.4
2025-04-08 09:05:24,30.1,21.2,39.3,31.2,26.1,39.3,27.5,20.3,36.7,26.0
2025-04-08 09:05:26,29.5,25.9,35.7,32.3,35.5,37.7,35.8,35.5,21.3,31.0
2025-04-08 09:05:28,30.3,33.5,39.1,39.7,27.7,23.6,25.7,23.7,33.8,30.9
2025-04-08 09:05:30,20.5,25.2,39.8,27.7,38.1,36.0,32.2,21.6,23.3,36.4
2025-04-08 09:05:32,22.0,34.7,31.4,31.5,33.9,38.3,30.5,29.8,34.6,24.9
2025-04-08 09:05:34,29.7,26.4,20.6,28.3,24.1,20.4,39.2,26.9,28.6,20.6
2025-04-08 09:05:36,27.8,32.5,36.3,34.2,26.8,33.1,32.9,28.8,36.3,23.9
2025-04-08 09:05:38,21.0,28.9,23.5,21.7,31.1,23.7,30.0,36.4,21.5,25.3
2025-04-08 09:05:40,24.7,29.3,33.3,35.9,38.0,37.1,24.5,37.5,22.1,24.9
2025-04-08 09:05:42,31.2,26.3,39.1,23.9,30.1,31.9,36.7,33.0,33.7,24.1
2025-04-08 09:05:44,37.2,34.2,29.9,21.6,37.1,36.0,20.4,26.2,32.9,20.6
2025-04-08 09:05:46,28.1,29.2,27.1,22.6,29.4,25.2,37.2,29.7,28.1,30.5
2025-04-08 09:05:48,20.5,20.6,28.0,29.8,20.8,33.4,29.9,30.3,23.6,38.5
2025-04-08 09:05:50,36.0,37.0,25.0,37.4,32.5,32.4,22.4,23.2,32.3,34.6
2025-04-08 09:05:52,38.7,23.9,38.4,34.1,20.3,24.1,32.4,29.1,31.6,28.4
2025-04-08 09:05:54,28.8,37.9,33.2,38.8,36.8,26.9,37.0,30.0,34.6,38.6
2025-04-08 09:05:56,26.9,35.0,31.4,25.6,21.4,32.7,28.7,39.6,35.9,29.3
2025-04-08 09:05:59,30.9,28.1,32.7,30.6,28.1,24.0,35.1,21.4,24.2,29.9
2025-04-08 09:06:01,23.6,34.1,31.7,22.5,20.6,25.8,29.6,37.8,34.9,20.0
2025-04-08 09:06:03,29.4,39.5,28.7,35.4,24.5,36.5,28.8,23.6,38.6,21.8
2025-04-08 09:06:05,37.0,27.0,30.8,22.1,23.0,26.9,39.1,37.8,25.0,36.7
2025-04-08 09:06:07,32.8,34.1,22.6,34.7,25.5,38.4,36.5,21.3,24.4,20.4
2025-04-08 09:06:09,33.8,22.1,30.7,29.1,26.5,31.5,39.7,37.8,28.4,36.9
2025-04-08 09:06:11,36.2,30.1,26.7,25.3,39.3,34.3,20.6,21.6,26.7,28.3
2025-04-08 09:06:13,33.0,20.3,29.0,26.9,31.7,33.9,39.7,38.6,36.1,21.8
2025-04-08 09:06:15,33.8,30.4,32.5,39.8,39.7,34.1,20.6,26.4,27.8,35.1
2025-04-08 09:06:17,33.3,32.5,33.3,22.7,26.5,31.7,37.9,22.4,28.3,21.8
2025-04-08 09:06:19,38.3,33.9,32.5,24.7,35.5,26.9,24.4,20.3,22.1,20.2
2025-04-08 09:06:21,32.9,25.0,38.0,29.1,35.5,36.9,31.9,31.2,38.2,39.9
2025-04-08 09:06:23,31.9,39.7,25.4,38.2,39.3,20.3,30.5,22.4,32.3,22.1
2025-04-08 09:06:25,23.0,38.9,20.5,38.7,39.7,33.4,38.0,33.7,32.2,22.2
2025-04-08 09:06:27,24.1,21.1,28.5,34.1,26.0,38.3,35.2,32.5,25.4,30.2
2025-04-08 09:06:29,31.1,38.0,34.0,36.7,27.7,35.5,26.0,26.4,34.7,20.6
2025-04-08 09:06:31,28.7,35.9,39.6,28.4,35.3,32.3,23.6,35.1,39.2,31.5
2025-04-08 09:06:33,29.0,28.0,38.6,37.4,22.5,24.6,34.4,23.1,20.6,37.9
2025-04-08 09:06:35,26.7,38.1,33.7,26.8,28.4,27.9,39.5,25.7,34.8,23.6
2025-04-08 09:06:37,21.6,23.2,39.2,28.5,22.9,26.3,31.9,35.3,23.9,31.8
2025-04-08 09:06:39,35.0,29.4,35.8,23.0,38.7,21.2,21.7,25.1,38.2,29.2
2025-04-08 09:06:41,25.9,37.5,32.8,39.9,39.2,32.6,22.7,29.7,31.3,20.7
2025-04-08 09:06:43,21.6,38.0,31.5,28.2,27.2,37.2,22.4,28.0,37.1,37.0
2025-04-08 09:06:45,31.2,22.7,26.3,24.4,31.6,38.5,34.4,35.0,35.8,37.7
2025-04-08 09:06:47,21.5,37.8,34.7,37.8,34.4,28.3,27.5,37.5,34.2,32.7
2025-04-08 09:06:49,20.9,26.8,27.2,38.5,23.5,37.2,38.0,36.2,24.5,20.9
2025-04-08 09:06:51,23.2,23.2,31.5,36.4,32.6,37.2,21.4,37.4,31.2,23.2
2025-04-08 09:06:53,22.4,36.4,30.6,35.5,28.3,32.2,28.3,28.6,28.5,21.6
2025-04-08 09:06:55,39.4,34.1,28.7,24.9,21.3,27.3,36.6,25.9,34.4,30.3
2025-04-08 09:06:57,39.6,27.1,33.3,23.1,37.8,39.0,36.7,32.9,35.0,38.3
2025-04-08 09:06:59,35.7,28.1,34.0,23.9,26.3,22.8,28.7,22.2,38.7,27.7
2025-04-08 09:07:01,32.1,37.6,39.0,23.4,27.5,30.4,21.2,31.2,33.6,27.7
2025-04-08 09:07:03,28.0,37.2,27.9,37.8,23.4,25.2,36.5,38.8,33.1,38.4
2025-04-08 09:07:05,38.7,25.0,28.6,38.4,25.6,24.9,34.7,30.9,35.7,30.6
2025-04-08 09:07:07,34.6,29.6,32.5,24.6,39.5,34.4,31.8,32.5,27.0,31.5
2025-04-08 09:07:09,27.3,30.4,20.8,24.1,39.5,29.8,39.3,25.2,39.1,24.5
2025-04-08 09:07:11,31.0,28.6,35.0,26.8,26.9,20.6,24.1,27.7,35.0,30.7
2025-04-08 09:07:13,33.5,23.5,20.6,29.1,33.8,39.4,26.9,30.9,21.0,29.3
2025-04-08 09:07:15,33.3,29.0,24.2,23.4,23.1,27.5,34.0,33.0,32.5,38.7
2025-04-08 09:07:17,39.1,38.7,21.0,36.5,21.7,29.1,22.3,27.6,24.5,27.4
2025-04-08 09:07:19,22.6,39.3,25.1,27.5,23.8,26.1,28.4,31.8,24.9,25.0
2025-04-08 09:07:21,36.0,33.0,39.5,21.7,30.8,20.2,36.4,22.5,21.7,39.9
2025-04-08 09:07:23,22.9,33.4,33.9,39.5,22.4,24.1,20.0,28.1,24.4,31.2
2025-04-08 09:07:25,26.1,22.4,26.7,22.1,33.9,23.0,20.5,36.2,30.6,30.6
2025-04-08 09:07:27,37.4,26.8,24.2,25.4,20.1,20.6,35.5,28.9,26.9,28.7
2025-04-08 09:07:29,33.3,26.8,37.3,23.7,20.5,31.4,36.0,35.8,35.1,33.5
2025-04-08 09:07:31,23.8,35.3,37.1,22.5,23.3,29.7,23.5,36.4,27.6,32.6
2025-04-08 09:07:33,31.5,26.1,36.9,33.7,29.4,24.0,40.0,24.4,27.9,34.3
2025-04-08 09:07:35,29.9,25.5,33.6,24.2,24.9,32.3,24.1,32.3,25.0,24.8
2025-04-08 09:07:37,35.9,32.1,39.9,23.9,36.9,26.5,34.8,26.6,31.2,22.4
2025-04-08 09:07:39,25.4,39.5,25.6,25.0,20.3,20.3,30.0,36.2,31.0,36.7
2025-04-08 09:07:41,39.7,25.4,23.5,21.5,21.7,32.2,33.4,21.5,20.5,23.9
2025-04-08 09:07:43,25.7,23.8,28.3,29.9,20.7,20.1,26.8,24.0,36.4,37.2
2025-04-08 09:07:45,34.0,34.9,23.2,27.2,34.6,34.8,27.9,21.0,37.1,25.0
2025-04-08 09:07:47,36.6,37.2,21.9,29.0,38.5,25.0,24.1,28.6,34.8,29.9
2025-04-08 09:07:49,26.5,37.7,27.1,36.5,29.9,39.6,32.1,21.3,30.8,36.0
2025-04-08 09:07:51,36.1,28.8,24.0,25.7,38.4,38.0,38.1,24.2,31.3,30.3
2025-04-08 09:07:53,30.1,29.6,22.7,23.9,40.0,37.6,37.3,27.4,31.9,33.5
2025-04-08 09:07:55,26.4,25.6,21.6,38.4,20.7,23.7,35.2,34.1,23.6,33.9
2025-04-08 09:07:57,32.7,33.7,33.3,24.2,32.4,25.6,30.6,33.1,35.5,21.6
2025-04-08 09:07:59,31.5,38.3,37.4,29.8,28.8,22.2,36.6,39.4,34.0,35.0
2025-04-08 09:08:01,36.6,24.1,34.3,32.8,21.4,37.8,24.5,38.5,37.8,22.3
2025-04-08 09:08:03,23.9,39.4,25.4,35.8,34.7,24.7,25.9,20.1,38.1,26.7
2025-04-08 09:08:05,34.1,21.1,23.8,24.0,25.8,33.3,21.1,31.9,29.0,39.7
2025-04-08 09:08:07,28.7,28.0,33.8,32.5,39.1,23.3,26.7,34.1,29.0,28.6
2025-04-08 09:08:09,31.3,36.0,36.5,32.3,28.0,35.6,33.8,23.5,28.7,23.3
2025-04-08 09:08:11,29.3,29.4,29.8,21.0,29.7,36.1,28.6,33.3,26.2,20.8
2025-04-08 09:08:13,29.0,28.6,20.5,21.1,24.1,20.5,37.6,34.5,30.1,30.0
2025-04-08 09:08:15,28.5,28.6,24.6,24.6,34.2,24.7,27.6,37.2,22.0,33.7
2025-04-08 09:08:17,33.1,37.6,29.8,27.9,20.5,38.7,37.4,24.0,26.8,39.4
2025-04-08 09:08:19,35.0,30.8,24.4,22.5,20.2,25.5,29.6,36.7,35.0,26.2
2025-04-08 09:08:21,38.6,22.5,24.8,29.2,36.4,36.6,37.5,37.3,25.7,36.0
2025-04-08 09:08:23,34.1,32.0,31.2,21.7,34.8,39.3,30.8,30.2,23.4,30.2
2025-04-08 09:08:25,27.6,22.4,21.6,30.2,22.6,30.3,38.9,30.8,23.8,36.2
2025-04-08 09:08:27,31.4,36.1,20.3,39.9,29.7,21.4,33.9,27.0,26.9,39.2
2025-04-08 09:08:29,33.0,32.9,31.5,37.5,29.0,27.3,29.6,31.7,25.4,36.5
2025-04-08 09:08:31,22.9,28.9,31.9,39.1,30.6,28.6,38.8,23.1,20.7,27.4
2025-04-08 09:08:33,29.5,27.9,20.8,23.7,22.0,22.6,25.6,39.9,38.3,33.6
2025-04-08 09:08:35,29.0,39.1,22.5,30.1,20.9,21.6,32.9,39.1,23.3,34.9
2025-04-08 09:08:37,24.1,28.0,39.6,27.3,21.1,31.3,23.4,21.7,26.9,23.3
2025-04-08 09:08:39,25.9,21.9,26.2,23.3,24.6,35.2,38.7,34.0,31.3,27.6
2025-04-08 09:08:41,36.3,20.4,38.0,28.3,38.7,21.0,26.0,33.2,32.2,29.5
2025-04-08 09:08:43,34.8,31.7,32.3,37.5,30.2,20.7,32.0,33.9,37.3,32.4
2025-04-08 09:08:45,36.5,33.6,26.9,26.3,24.3,35.9,31.3,39.6,32.5,24.7
2025-04-08 09:08:47,26.0,29.7,33.4,28.6,26.5,34.9,32.3,31.9,27.4,31.0
2025-04-08 09:08:49,20.5,27.7,32.2,34.5,36.0,39.4,39.0,35.0,27.3,25.5
2025-04-08 09:08:51,26.8,30.0,21.5,39.8,32.2,25.4,38.6,39.5,28.0,37.4
2025-04-08 09:08:53,37.3,29.3,31.0,22.9,38.4,38.0,32.0,36.5,32.8,39.6
2025-04-08 09:08:55,20.9,39.0,24.1,20.3,24.8,27.4,38.1,33.3,37.5,30.0
2025-04-08 09:08:57,30.7,33.0,36.4,29.5,34.7,37.8,27.5,37.4,28.6,35.2
2025-04-08 09:08:59,33.1,24.8,21.2,36.1,25.0,28.4,35.1,33.0,30.3,26.4
2025-04-08 09:09:01,34.9,20.0,33.9,20.1,39.5,20.8,34.1,36.7,28.9,32.7
2025-04-08 09:09:03,29.3,39.3,23.2,37.6,34.6,33.4,20.9,23.5,29.8,31.5
2025-04-08 09:09:05,24.9,37.2,22.5,29.8,37.6,31.5,26.7,31.6,30.6,20.6
2025-04-08 09:09:07,29.5,24.6,32.4,35.9,21.1,26.4,32.1,26.1,28.2,34.3
2025-04-08 09:09:09,32.5,29.4,36.5,28.0,29.6,39.4,30.8,27.4,38.6,35.9
2025-04-08 09:09:11,21.6,33.2,22.7,36.4,22.3,25.4,37.5,33.6,33.6,29.6
2025-04-08 09:09:13,36.7,32.6,23.0,26.1,38.7,22.6,27.0,28.6,23.5,23.6
2025-04-08 09:09:15,20.1,20.5,23.5,26.7,32.6,28.7,21.7,35.9,22.0,29.2
2025-04-08 09:09:17,22.2,21.0,30.4,39.9,24.2,30.1,36.1,29.0,21.2,24.4
2025-04-08 09:09:19,23.3,35.0,35.8,38.4,20.6,23.3,23.8,28.1,39.4,39.1
2025-04-08 09:09:21,35.6,22.9,39.6,36.3,34.8,32.1,33.1,29.1,24.5,32.4
2025-04-08 09:09:23,26.7,31.7,22.4,22.2,20.7,25.4,20.1,26.1,35.7,27.0
2025-04-08 09:09:25,26.9,21.6,33.0,36.9,24.4,24.1,27.8,26.9,25.8,27.1
2025-04-08 09:09:27,30.5,34.2,37.0,35.2,34.0,36.8,30.7,28.0,22.1,25.5
2025-04-08 09:09:29,29.9,31.8,25.0,20.9,24.4,33.2,20.5,28.4,30.4,25.2
2025-04-08 09:09:31,26.7,22.5,26.4,36.4,20.2,38.9,21.3,39.4,31.1,20.8
2025-04-08 09:09:33,25.9,25.8,23.9,28.0,35.3,24.2,27.7,37.9,23.4,20.3
2025-04-08 09:09:35,27.5,37.2,26.8,36.0,22.7,20.7,20.8,37.2,25.8,30.4
2025-04-08 09:09:37,24.6,34.2,29.7,25.5,21.8,38.2,24.5,37.5,25.0,30.0
2025-04-08 09:09:39,23.1,23.5,35.2,29.7,32.3,38.8,39.3,21.2,22.7,39.8
2025-04-08 09:09:41,39.0,26.6,25.4,30.0,36.6,26.7,31.6,32.9,36.5,26.4
2025-04-08 09:09:43,27.3,28.0,28.2,27.6,21.9,28.1,31.2,32.4,25.9,26.0
2025-04-08 09:09:45,32.8,34.0,26.8,30.6,20.9,28.0,26.1,28.2,39.9,24.6
2025-04-08 09:09:47,30.5,23.7,31.2,21.6,25.6,33.7,24.9,37.4,24.5,26.3
2025-04-08 09:09:49,33.0,23.8,31.3,30.6,27.6,24.6,37.7,33.5,38.4,20.3
2025-04-08 09:09:51,32.4,36.6,37.2,33.2,29.9,28.5,38.9,30.9,33.7,35.6
2025-04-08 09:09:53,24.3,35.6,34.4,28.8,30.9,23.4,34.6,28.1,32.5,28.7
2025-04-08 09:09:55,21.2,38.9,35.9,37.9,26.9,25.1,23.9,21.6,23.6,20.2
2025-04-08 09:09:57,33.9,20.5,30.5,28.8,29.1,23.4,34.6,21.1,22.2,20.9
2025-04-08 09:09:59,21.2,25.0,25.1,30.1,21.7,24.2,24.2,39.5,30.7,26.1
2025-04-08 09:10:01,25.2,34.5,22.2,24.7,37.6,33.3,39.9,29.6,23.9,23.7
2025-04-08 09:10:03,37.4,32.0,36.2,26.8,36.2,24.7,30.1,23.4,31.1,21.9
2025-04-08 09:10:05,33.1,21.8,25.6,21.9,21.7,27.2,27.6,37.4,37.3,23.5
2025-04-08 09:10:07,35.0,34.8,22.0,20.6,30.2,33.6,23.5,23.7,33.3,24.0
2025-04-08 09:10:09,22.5,28.6,36.3,31.0,25.0,38.5,31.6,25.2,28.3,37.5
2025-04-08 09:10:11,22.4,29.9,25.0,26.2,28.8,32.4,27.2,37.1,28.9,40.0
2025-04-08 09:10:13,28.1,27.3,32.4,26.2,22.3,36.4,23.9,22.8,31.4,28.0
2025-04-08 09:10:15,20.2,20.8,38.9,34.0,21.9,21.3,33.0,24.4,27.9,33.5
2025-04-08 09:10:17,39.7,38.6,33.3,24.4,35.6,35.6,36.9,37.8,33.0,28.7
2025-04-08 09:10:19,29.2,24.3,22.5,39.1,28.8,30.3,25.4,38.7,23.2,36.6
2025-04-08 09:10:21,32.3,30.5,35.0,25.7,28.7,39.7,29.3,38.6,27.0,35.5
2025-04-08 09:10:23,35.6,30.4,28.0,25.4,29.0,25.5,20.5,22.0,31.5,34.1
2025-04-08 09:10:25,23.2,25.8,20.9,21.7,37.8,34.1,36.7,38.2,29.9,26.7
2025-04-08 09:10:27,40.0,32.3,24.5,37.4,36.2,29.6,20.7,24.6,22.8,22.0
2025-04-08 09:10:29,38.7,23.3,28.6,26.6,24.6,27.3,26.8,22.3,33.1,31.3
2025-04-08 09:10:31,30.2,27.0,22.2,23.8,35.0,37.0,23.9,38.1,21.9,35.5
2025-04-08 09:10:33,27.9,26.0,22.4,35.9,34.5,37.5,32.6,26.2,37.7,35.9
2025-04-08 09:10:35,20.7,36.2,38.4,33.7,30.7,26.0,33.0,27.3,39.0,29.5
2025-04-08 09:10:37,27.8,37.3,27.9,39.8,22.7,23.9,28.1,38.4,22.9,32.8
2025-04-08 09:10:39,35.4,23.0,33.6,33.5,34.3,29.5,24.0,36.8,30.2,38.6
2025-04-08 09:10:41,29.0,21.1,37.2,27.1,28.3,39.6,25.9,38.9,35.1,36.5
2025-04-08 09:10:43,23.9,39.6,23.8,29.2,25.8,27.4,20.2,23.2,23.0,27.7
2025-04-08 09:10:45,40.0,23.6,39.9,39.0,38.0,22.3,31.6,20.0,25.5,25.2
2025-04-08 09:10:47,31.7,24.9,28.5,26.7,35.8,36.8,20.4,20.2,36.0,34.4
2025-04-08 09:10:49,20.9,31.3,30.0,25.0,24.4,26.5,39.4,28.2,26.2,29.8
2025-04-08 09:10:51,28.5,40.0,30.8,25.9,35.7,24.8,25.7,32.7,24.7,31.2
2025-04-08 09:10:53,37.1,30.6,36.8,37.5,20.1,24.5,36.2,35.3,38.3,21.8
2025-04-08 09:10:55,38.8,25.8,25.1,25.3,28.4,30.2,31.6,27.4,30.3,39.1
2025-04-08 09:10:57,34.4,27.6,38.1,24.9,29.0,20.8,39.9,24.7,27.7,34.4
2025-04-08 09:10:59,39.1,23.9,22.0,22.7,26.2,36.1,36.6,29.5,33.0,20.6
2025-04-08 09:11:01,37.3,39.8,33.4,27.1,30.3,35.2,27.1,21.5,22.2,20.8
2025-04-08 09:11:03,40.0,26.8,31.1,23.1,28.8,29.6,35.2,27.3,34.5,21.8
2025-04-08 09:11:05,24.2,35.1,39.4,33.0,31.5,34.6,26.5,36.4,39.8,27.7
2025-04-08 09:11:07,31.7,38.1,31.3,34.8,32.6,36.4,38.7,37.7,33.9,38.5
2025-04-08 09:11:09,30.7,21.7,34.5,28.9,33.9,39.2,31.9,30.6,32.8,23.3
2025-04-08 09:11:11,24.9,26.4,32.4,26.3,36.2,30.3,36.8,32.0,22.9,34.8
2025-04-08 09:11:13,35.4,21.0,37.4,29.3,31.4,24.2,28.1,37.4,36.1,26.9
2025-04-08 09:11:15,38.7,25.6,29.5,31.0,28.3,34.2,22.2,38.2,38.8,23.0
2025-04-08 09:11:17,32.6,22.7,33.1,31.9,20.8,26.1,26.3,31.6,25.9,28.6
2025-04-08 09:11:19,30.2,25.2,31.7,26.5,33.9,30.2,37.6,23.1,23.0,32.9
2025-04-08 09:11:21,26.0,39.8,23.8,24.0,28.9,32.9,28.8,33.2,22.7,34.6
2025-04-08 09:11:23,26.5,33.8,32.8,27.9,33.8,27.7,32.7,20.1,21.9,21.0
2025-04-08 09:11:25,37.0,28.0,32.6,23.8,29.5,27.9,23.2,28.2,30.7,26.0
2025-04-08 09:11:27,30.8,34.9,22.5,21.4,35.5,38.4,28.0,36.7,26.5,30.8
2025-04-08 09:11:29,38.4,31.6,23.5,35.4,33.1,27.1,27.6,38.6,22.9,21.3
2025-04-08 09:11:31,21.9,32.4,28.6,22.4,31.1,32.1,37.1,23.0,35.3,26.9
2025-04-08 09:11:33,21.6,35.0,30.8,35.3,37.7,26.1,39.2,28.4,23.0,31.1
2025-04-08 09:11:35,32.8,36.8,35.5,22.9,25.8,34.2,27.0,29.8,31.6,35.6
2025-04-08 09:11:37,31.6,25.2,37.4,29.8,32.7,28.5,22.2,24.1,39.3,26.4
2025-04-08 09:11:39,20.4,30.9,22.9,31.0,33.3,27.5,39.7,23.0,33.7,36.9
2025-04-08 09:11:41,27.5,27.1,39.2,32.8,23.0,21.1,25.3,30.0,25.0,26.8
2025-04-08 09:11:43,34.4,32.4,28.1,39.8,24.7,37.8,31.5,36.6,34.5,30.6
2025-04-08 09:11:45,36.6,32.2,37.3,22.0,35.2,34.5,36.3,26.1,27.6,30.6
2025-04-08 09:11:47,29.4,28.3,36.5,31.0,24.0,31.2,34.4,22.3,33.4,32.3
2025-04-08 09:11:49,35.8,24.2,28.4,36.4,36.7,22.7,30.2,20.6,36.1,25.5
2025-04-08 09:11:51,25.7,21.9,30.2,23.0,32.1,25.6,29.7,29.6,23.0,32.7
2025-04-08 09:11:53,32.0,34.3,29.2,39.0,34.0,37.0,27.4,22.8,35.0,30.2
2025-04-08 09:11:55,27.4,29.0,24.4,34.0,24.6,29.2,28.5,35.4,30.3,28.8
2025-04-08 09:11:57,32.5,25.6,25.6,36.8,36.3,20.2,20.6,39.1,36.1,26.1
2025-04-08 09:11:59,27.7,22.0,38.6,25.6,28.0,22.0,32.5,36.0,28.8,24.7
2025-04-08 09:12:01,31.2,34.2,39.3,28.0,27.8,22.3,39.8,36.5,23.1,26.9
2025-04-08 09:12:03,33.2,32.4,24.2,35.0,20.9,34.9,33.4,20.6,30.6,23.2
2025-04-08 09:12:05,39.9,37.3,29.4,26.2,29.0,22.6,33.3,38.3,23.3,36.9
2025-04-08 09:12:07,20.3,30.6,37.4,36.6,23.9,37.4,27.4,27.7,40.0,24.0
2025-04-08 09:12:09,23.2,38.7,34.1,32.9,31.7,20.2,34.1,37.4,34.1,21.6
2025-04-08 09:12:11,23.1,31.3,28.0,38.8,26.6,37.5,31.3,28.2,33.7,30.5
2025-04-08 09:12:13,25.9,38.5,34.8,34.0,39.9,29.7,22.4,22.0,22.0,33.4
2025-04-08 09:12:15,21.6,22.8,35.1,25.5,36.7,34.2,26.2,35.2,22.6,35.3
2025-04-08 09:12:17,31.0,35.4,20.2,33.3,30.7,22.2,34.2,39.9,21.3,38.2
